USE `train_booking`;

INSERT INTO `booking_status` (id, name) VALUES
	(1, "Active"),
	(2, "Cancelled"),
	(3, "Pending"),
	(4, "Paid");

INSERT INTO `schedule` (id, name) VALUES
	(1, "Weekday"),
	(2, "Weekend"),
	(3, "Holiday");

INSERT INTO `carriage_class` (id, class_name, seating_capacity) VALUES
	(1, "First A", 40),
	(2, "First B", 60),
	(3, "Second A", 80),
	(4, "Second B", 100),
	(5, "Common C", 120);

INSERT INTO `carriage_price` (schedule_id, carriage_class_id, price) VALUES
	(1, 1, 100),
	(1, 2, 80),
	(1, 3, 60),
	(1, 4, 40),
	(1, 5, 20),
	(2, 1, 120),
	(2, 2, 100),
	(2, 3, 80),
	(2, 4, 60),
	(2, 5, 40),
	(3, 1, 140),
	(3, 2, 120),
	(3, 3, 100),
	(3, 4, 80),
	(3, 5, 60);

INSERT INTO `station` (id, station_name) VALUES
	(1, "Grandview Central"),
	(2, "Riverdale Junction"),
	(3, "Maplewood Terminal"),
	(4, "Silverstone Cross"),
	(5, "Lakeside Depot"),
	(6, "Pine Valley Station"),
	(7, "Eastbrook Exchange"),
	(8, "Oakridge Park"),
	(9, "Hillcrest Point"),
	(10, "Sunnydale Yard"),
	(11, "Willow Creek Station"),
	(12, "Golden Gate Hub"),
	(13, "Northgate Plaza"),
	(14, "Harborview Stop"),
	(15, "Cedarwood Junction"),
	(16, "Westhaven Terminal"),
	(17, "Birchwood Crossing"),
	(18, "Seaside Promenade"),
	(19, "Greenfield Center"),
	(20, "Redstone Platform");

INSERT INTO `journey` (id, schedule_id, name) VALUES
	(1, 2, "9:05 Grandview Central to Lakeside Depot"),
	(2, 1, "10:30 Riverdale Junction to Maplewood Terminal"),
	(3, 3, "14:15 Pine Valley Station to Sunnydale Yard"),
	(4, 2, "11:45 Silverstone Cross to Westhaven Terminal"),
	(5, 1, "16:20 Oakridge Park to Willow Creek Station"),
	(6, 3, "12:00 Hillcrest Point to Golden Gate Hub"),
	(7, 1, "18:10 Northgate Plaza to Seaside Promenade"),
	(8, 2, "13:50 Lakeside Depot to Cedarwood Junction"),
	(9, 3, "7:35 Redstone Platform to Seaside Promenade"),
	(10, 1, "15:25 Birchwood Crossing to Greenfield Center");

INSERT INTO `journey_carriage` (id, journey_id, carriage_class_id, position) VALUES
	(1, 1, 1, 1),
	(2, 1, 3, 2),
	(3, 1, 3, 3),
	(4, 1, 4, 4),
	(5, 2, 2, 1),
	(6, 2, 3, 2),
	(7, 2, 3, 3),
	(8, 2, 4, 4),
	(9, 3, 2, 1),
	(10, 3, 3, 2),
	(11, 3, 3, 3),
	(12, 3, 4, 4),
	(13, 4, 2, 1),
	(14, 4, 4, 2),
	(15, 4, 4, 3),
	(16, 4, 4, 4),
	(17, 5, 2, 1),
	(18, 5, 4, 2),
	(19, 5, 5, 3),
	(20, 6, 3, 1),
	(21, 6, 4, 2),
	(22, 6, 5, 3),
	(23, 7, 1, 1),
	(24, 7, 2, 2),
	(25, 7, 3, 3),
	(26, 7, 3, 4),
	(27, 7, 4, 5),
	(28, 7, 4, 6),
	(29, 8, 2, 1),
	(30, 8, 4, 2),
	(31, 8, 4, 3),
	(32, 8, 4, 4),
	(33, 9, 1, 1),
	(34, 9, 2, 2),
	(35, 9, 4, 3),
	(36, 9, 4, 4),
	(37, 9, 4, 5),
	(38, 10, 4, 1),
	(39, 10, 5, 2),
	(40, 10, 5, 3);

INSERT INTO `journey_station` (journey_id, station_id, stop_order, departure_time, arrival_time) VALUES
	(1, 1, 1, '09:05:00', '09:05:00'),
	(1, 9, 2, '09:37:00', '09:35:00'),
	(1, 17, 3, '10:02:00', '10:00:00'),
	(1, 14, 4, '11:02:00', '11:00:00'),
	(1, 5, 5, '11:25:00', '11:25:00'),
	(2, 2, 1, '10:30:00', '10:30:00'),
	(2, 1, 2, '12:00:00', '11:50:00'),
	(2, 19, 3, '12:22:00', '12:20:00'),
	(2, 6, 4, '13:02:00', '13:00:00'),
	(2, 3, 5, '13:25:00', '13:25:00'),
	(3, 6, 1, '14:15:00', '14:15:00'),
	(3, 4, 2, '15:00:00', '14:58:00'),
	(3, 9, 3, '15:22:00', '15:20:00'),
	(3, 1, 4, '16:00:00', '15:50:00'),
	(3, 12, 5, '16:42:00', '16:40:00'),
	(3, 10, 6, '17:12:00', '17:12:00'),
	(4, 4, 1, '11:45:00', '11:45:00'),
	(4, 9, 2, '12:07:00', '12:05:00'),
	(4, 1, 3, '12:47:00', '12:37:00'),
	(4, 11, 4, '13:22:00', '13:20:00'),
	(4, 16, 5, '13:45:00', '13:45:00'),
	(5, 8, 1, '16:20:00', '16:20:00'),
	(5, 15, 2, '16:52:00', '16:50:00'),
	(5, 1, 3, '17:22:00', '17:12:00'),
	(5, 11, 4, '17:52:00', '17:52:00'),
	(6, 9, 1, '12:00:00', '12:00:00'),
	(6, 1, 2, '12:40:00', '12:30:00'),
	(6, 12, 3, '13:20:00', '13:20:00'),
	(7, 13, 1, '18:10:00', '18:10:00'),
	(7, 4, 2, '18:42:00', '18:40:00'),
	(7, 17, 3, '19:02:00', '19:00:00'),
	(7, 14, 4, '20:02:00', '20:00:00'),
	(7, 11, 5, '21:22:00', '21:20:00'),
	(7, 2, 6, '21:44:00', '21:42:00'),
	(7, 18, 7, '22:05:00', '22:05:00'),
	(8, 5, 1, '13:50:00', '13:50:00'),
	(8, 14, 2, '14:12:00', '14:10:00'),
	(8, 11, 3, '15:32:00', '15:30:00'),
	(8, 1, 4, '16:10:00', '16:00:00'),
	(8, 15, 5, '16:30:00', '16:30:00'),
	(9, 20, 1, '7:35:00', '7:35:00'),
	(9, 7, 2, '7:47:00', '7:45:00'),
	(9, 12, 3, '10:12:00', '10:10:00'),
	(9, 2, 4, '10:34:00', '10:32:00'),
	(9, 18, 5, '10:54:00', '10:54:00'),
	(10, 17, 1, '15:25:00', '15:25:00'),
	(10, 9, 2, '15:47:00', '15:45:00'),
	(10, 19, 3, '16:15:00', '16:15:00');

INSERT INTO `passenger` (id, first_name, last_name, email, password) VALUES
	(1, "Sam", "Smith", "s.smith@home.com", "test123"),
	(2, "Neal", "Lock", "n.lock@home.com", "fun123"),
	(3, "John", "Doe", "j.doe@home.com", "psw123");

INSERT INTO `booking` (id, passenger_id, booking_status_id, booking_date,
	departure_station_id, arrival_station_id, journey_id, carriage_class_id,
	amount_paid, ticket_no, seat_no) VALUES
	(1, 1, 1, '2024-09-14', 1, 3, 2, 2, 100, 3, "01-FB-001"),
	(2, 2, 1, '2024-08-21', 17, 2, 7, 1, 200, 1, "01-FA-001"),
	(3, 3, 4, '2024-08-23', 8, 11, 5, 5, 20, 2, "03-CC-001"),
	(4, null, 2, '2024-09-18', 5, 14, 8, 4, 0, null, null);